<?xml version="1.0" encoding="ISO-8859-2"?>
<Functions>
	<CSCC_INIT_GLOBAL_VAR>
	</CSCC_INIT_GLOBAL_VAR>
	<CSCC_INIT_SRAM_TO_ZERO>
		<init_bankx_sram_to_00>
		</init_bankx_sram_to_00>
	</CSCC_INIT_SRAM_TO_ZERO>
	<CSCC_INTERRUPT_VECTOR>
	</CSCC_INTERRUPT_VECTOR>
	<CSCC_INIT_CODE>
	</CSCC_INIT_CODE>
	<init_bankx_sram_to_00>
	</init_bankx_sram_to_00>
	<uart_rx_nbyte>
	</uart_rx_nbyte>
	<uart_send>
		<uart_send_byte>
		</uart_send_byte>
	</uart_send>
	<uart_send_byte>
	</uart_send_byte>
	<MB86_E2PROM_Read>
	</MB86_E2PROM_Read>
	<MB86_E2PROM_Write>
	</MB86_E2PROM_Write>
	<Timer1_Init>
	</Timer1_Init>
	<Timer0_Init>
	</Timer0_Init>
	<ADC10bit_Init>
	</ADC10bit_Init>
	<ADC24bit_Init>
	</ADC24bit_Init>
	<Uart_Init>
	</Uart_Init>
	<IO_Init>
	</IO_Init>
	<TestE2_Write_main.c_Init>
	</TestE2_Write_main.c_Init>
	<INT_FUNCTION>
	</INT_FUNCTION>
	<main>
		<uart_send_byte>
		</uart_send_byte>
		<Timer1_Init>
		</Timer1_Init>
		<Timer0_Init>
		</Timer0_Init>
		<ADC24bit_Init>
		</ADC24bit_Init>
		<Uart_Init>
		</Uart_Init>
		<MB86_E2PROM_Read>
		</MB86_E2PROM_Read>
		<MB86_E2PROM_Write>
		</MB86_E2PROM_Write>
		<IO_Init>
		</IO_Init>
	</main>
</Functions>
